,UUID,GameName,CategoryName,PlayerNamesTwitch,StartTimestamp,EndTimestamp,TimerStartTimestamp,TimerEndTimestamp,IntroTime,OutroTime,,Estimate,Actual Time,% Off Estimate,Setup Time,Setup Under 10 Minutes?,Comment,Run Under Estimate?,Comment,,,,,,,00:10:00
10000,udshfoidshfdsfsdf,Opening Speech,Speech%,"{"""":""""}",1658576704,1658577446,1658576704,1658577446,0,0,,00:10:00,0:12:22,23.67%,,,,NO :(,,,,,,,,
10001,099993df-ee5e-4ab8-b025-451b2b116b9c,The Stanley Parable: Ultra Deluxe,Any% (Unrestricted),"{""Nikoheart"":""Nikoheart""}",1658577764,1658580802,1658577940,1658580622,176,180,,00:45:00,0:44:42,-0.67%,0:05:18,YES :),,YES :),,Total runs:,134,,,,,
10003,64212f35-a4ed-4ca7-893c-7d3ffaf7cf39,Shantae and the Pirate's Curse,Any% (Pirate Mode),"{""AEtienne"":""AEtienne""}",1658581370,1658584370,1658581409,1658584219,39,151,,00:55:00,0:46:50,-14.85%,0:09:28,YES :),,YES :),,Runs over estimate:,34,,,,,
10004,6fc64483-ac9d-4bee-836a-44cdbbde3869,Trek to Yomi,Any% (Kensei / One Hit),"{""Aeshmah_"":""Aeshmah_""}",1658584966,1658589811,1658585244,1658589464,278,347,,01:30:00,1:10:20,-21.85%,0:09:56,YES :),,YES :),,Runs under estimate:,100,,,,,
10005,f6f0c789-0ced-420a-92d1-cbc1add5e34f,Star Fox 64,Single Segment Score Run,"{""Argick"":""Argick""}",1658590305,1658593346,1658590343,1658593131,38,215,,00:50:00,0:46:28,-7.07%,0:08:14,YES :),,YES :),,Average % off estimate:,-8.33%,,,,,
10006,1775d166-5730-4889-ace3-f9e81263f1a1,GeoGuessr,A Diverse World (25k),"{""emilyapocalypse"":""emilyapocalypse""}",1658594229,1658597163,1658594321,1658597042,92,121,,00:35:00,0:45:21,29.57%,0:14:43,NO :(,,NO :(,Donation Incentive,Setup over 10 minutes:,68,,,,,
10007,c16d37d4-4ccb-4c25-8fa3-c3b890c1ffd8,Home Alone,Showcase Challenge Run,"{""Apollo22237"":""Apollo22237""}",1658597767,1658599076,1658597794,1658598993,27,83,,00:25:00,0:19:59,-20.07%,0:10:04,NO :(,Used both console stations for 1p,YES :),,Setup under 10 minutes:,65,,,,,
10008,072ab680-2504-4176-8bf3-b3863f0f9db9,Super Mario Bros. 2,All Levels,"{""coolkid"":""coolkid""}",1658599518,1658600993,1658599544,1658600905,26,88,,00:25:00,0:22:41,-9.27%,0:07:22,YES :),,YES :),,Average setup time:,0:11:42,,,,,
10009,598bae31-5f62-431f-8906-a936794f664b,Jubeat,Rhythm Game Showcase,"{""vincent573"":""vincent573""}",1658601713,1658604768,1658601843,1658604722,130,46,,00:50:00,0:47:59,-4.03%,0:12:00,NO :(,unique arcade setup,YES :),Donation Incentive,setup % under 10 minutes:,48.87%,,,,,
10010,5f092943-c3a1-451f-9894-cd82d88c26fa,Castlevania: Circle of the Moon,All Bosses (Vampire Killer),"{""TheBlacktastic"":""TheBlacktastic""}",1658605550,1658607562,1658605584,1658607476,34,86,,00:36:00,0:31:32,-12.41%,0:13:02,NO :(,,YES :),,,,,,,,
10011,ff45b01f-d753-459c-a8a3-08c8f5bef245,Dark Souls II: Scholar of the First Sin,Old Souls (Unrestricted),"{""JeffTheBigLizard"":""JeffTheBigLizard""}",1658608458,1658612091,1658608543,1658612051,85,40,,01:10:00,0:58:28,-16.48%,0:14:56,NO :(,,YES :),,Setup before getting playlist length:,,,,,,
10012,288acfcd-5390-45ab-b279-8578de15995b,Sly Cooper and the Thievius Raccoonus,All Vaults (Remaster),"{""Slysonic"":""Slysonic""}",1658613627,1658618952,1658613648,1658618805,21,147,,01:35:00,1:25:57,-9.53%,0:25:36,NO :(,,YES :),,Setup over 10 minutes:,30,,,,,
10013,ae033126-ef8b-4d74-b1b8-d41c9874d694,Sonic Lost World,Any% (Wingless),"{""GordinRamsay"":""GordinRamsay""}",1658619748,1658624812,1658619805,1658624742,57,70,,01:30:00,1:22:17,-8.57%,0:13:16,NO :(,,YES :),,Setup under 10 minutes:,35,,,,,
10014,4ca7dfe3-40bb-4697-b027-22c58aa0d72f,Cyberpunk 2077,Any%,"{""yisk"":""yisk""}",1658625552,1658636371,1658625552,1658636289,0,82,,02:55:00,2:58:57,2.26%,0:12:20,NO :(,,NO :(,,Average setup time:,0:11:17,,,,,
10015,9c3b719d-8b34-40f5-89fd-191656ff5058,Uncharted: The Lost Legacy,All Treasures,"{""osskari"":""osskari""}",1658637035,1658643924,1658637096,1658643814,61,110,,01:52:00,1:51:58,-0.03%,0:11:04,NO :(,,YES :),,setup % under 10 minutes:,53.85%,,,,,
10016,e5eec6d6-8237-4d83-a7be-02ea30d25ef1,Command & Conquer: Red Alert 2,Soviet Campaign,"{""Heinki"":""Heinki""}",1658644376,1658647937,1658644420,1658647893,44,44,,01:05:00,0:57:53,-10.95%,0:07:32,YES :),,YES :),,,,,,,,
10017,085e0335-56fb-4bdb-ba7c-0046e5e24fda,Crash Bandicoot,100%,"{""Rexaaayyy"":""Rexaaayyy""}",1658648579,1658653160,1658648595,1658653039,16,121,,01:20:00,1:14:04,-7.42%,0:10:42,NO :(,,YES :),,Setup after getting playlist length:,,,,,,
10018,4e16a09a-fee7-450b-a83f-bae9b9db20f5,Lightning Returns: Final Fantasy XIII,Any% (w/ Drop Mod),"{""daspharaoh"":""daspharaoh"",""enkwolf"":""enkwolf""}",1658654202,1658662596,1658654265,1658662490,63,106,,02:10:00,2:17:05,5.45%,0:17:22,NO :(,,NO :(,Donation Incentive,Setup over 10 minutes:,38,,,,,
10019,ccd7c6aa-d8e7-437d-a0a3-1cae333e85bf,Xenoblade Chronicles: Future Connected,Any% (Casual Mode),"{""RebelDragon95"":""RebelDragon95""}",1658663062,1658665320,1658663078,1658665228,16,92,,00:45:00,0:35:50,-20.37%,0:07:46,YES :),,YES :),,Setup under 10 minutes:,30,,,,,
10020,4d6342cc-e6bd-4218-9ab0-c307c6b526b9,TrackMania 2: Canyon,Platform DLC (All Tracks),"{""Rastats"":""Rastats""}",1658665840,1658667587,1658665934,1658667487,94,100,,00:27:00,0:25:53,-4.14%,0:08:40,YES :),,YES :),,Average setup time:,0:12:06,,,,,
10021,2eb3cd99-9544-4d56-987d-e47d72f79c48,Mario Kart: Double Dash!!,All Cup Tour,"{""GoombaNL"":""GoombaNL""}",1658668152,1658670369,1658668201,1658670294,49,75,,00:36:00,0:34:53,-3.10%,0:09:25,YES :),,YES :),,setup % under 10 minutes:,44.12%,,,,,
10022,d45f63f4-9045-4284-a64b-38b6278ab47a,Neon Drive,Full game (Insane),"{""Ya-GG"":""yajijy""}",1658670790,1658671881,1658670869,1658671822,79,59,,00:20:00,0:15:53,-20.58%,0:07:01,YES :),,YES :),,,,,,,,
10023,a465aae1-12ba-47b9-8c77-5f6d24b390cb,Shadow Warrior 3,Any%,"{""83kY"":""83kY""}",1658672911,1658676176,1658673004,1658676059,93,117,,01:00:00,0:50:55,-15.14%,0:17:10,NO :(,,YES :),,min % off estimate:,-99.78%,Closing Speech,,,,
10024,030ed2d6-2168-469f-b6f6-a638d7d28bc5,Grand Theft Auto: Vice City,All Missions,"{""EnglishBen"":""English_Ben""}",1658676973,1658686248,1658677083,1658686152,110,96,,02:30:00,2:31:09,0.77%,0:13:17,NO :(,,NO :(,,max % off estimate:,33.83%,DOOM (2016),,,,
10025,baef16b4-246c-4a57-b7bc-0bca222003b0,Hades,3 Weapons,"{""OckE93"":""OckE93"",""webs2d"":""webs2d""}",1658687466,1658690767,1658687568,1658690344,102,423,,00:50:00,0:46:16,-7.47%,0:20:18,NO :(,,YES :),Donation Incentive,,,,,,,
10026,6f2d71d7-4978-4bfc-abab-36a54ac51dba,GITADORA,Drum Kit Showcase,"{""vincent573"":""vincent573""}",1658691589,1658693389,1658691660,1658693335,71,54,,00:30:00,0:27:55,-6.94%,0:13:42,NO :(,unique arcade setup,YES :),Donation Incentive,Longest intro:,00:06:57,Mirror's Edge,,,,
10027,fc3cc8ba-9016-43c7-95f9-8d529c48c929,Elden Ring,All Remembrances,"{""catalystz"":""catalystz""}",1658694080,1658700909,1658694158,1658700605,78,304,,01:55:00,1:47:27,-6.57%,0:11:31,NO :(,,YES :),,Shortest intro:,00:00:00,Opening Speech,,,,
10028,533db98d-6ad1-4f13-9205-7120b3ee1b4a,Sekiro: Shadows Die Twice,Randomizer,"{""Murtag"":""TaruMurtag""}",1658701643,1658708174,1658701717,1658707947,74,227,,02:15:00,1:43:50,-23.09%,0:12:14,NO :(,,YES :),,Average intro:,00:01:10,,,,,
10029,2ff4b2cd-bab6-409a-b1cb-222e2243bf32,The Legend of Zelda: The Minish Cap,Any%,"{""Myth197"":""Myth197""}",1658708865,1658714845,1658708901,1658714726,36,119,,01:40:00,1:37:05,-2.92%,0:11:31,NO :(,,YES :),,,,,,,,
10030,38e06dbc-2b84-4224-95d7-6027557ae5e0,Touhou Gouyoku Ibun ~ Suibotsushita Chinshuu Jigoku,Full Game (True Ending),"{""Naro"":""Naro""}",1658715317,1658719334,1658715362,1658719226,45,108,,01:15:00,1:04:24,-14.13%,0:07:52,YES :),,YES :),,Longest outro:,00:35:32,Closing Speech,,,,
10031,9d4a2e94-3899-48b0-bbbf-9cebf0ad00b4,Worms Armageddon,All Missions (Any%),"{""RuffledBricks"":""RuffledBricks""}",1658719982,1658724601,1658720135,1658724544,153,57,,01:25:00,1:13:29,-13.55%,0:10:48,NO :(,,YES :),,Shortest outro:,00:00:00,Opening Speech,,,,
10032,7b317fcd-629d-4e69-b58a-209da4396310,Skylar & Plux: Adventure on Clover Island,100%,"{""Matse007"":""Matse007""}",1658725437,1658727748,1658725495,1658727618,58,130,,00:45:00,0:35:23,-21.37%,0:13:56,NO :(,,YES :),,Average outro:,00:02:19,,,,,
10033,9497a253-239e-437f-8410-b648d90d42b8,Prince of Persia: The Forgotten Sands,Any% (Standard),"{""epicdudeguy"":""epicdudeguy""}",1658728821,1658734348,1658728850,1658734241,29,107,,01:25:00,1:29:51,5.71%,0:17:53,NO :(,,NO :(,,,,,,,,
10034,74e19bae-a887-4da4-9da1-1319e1a531e7,Duke Nukem: Manhattan Project,Any% (Hard),"{""Tezur0"":""Tezur0""}",1658734932,1658740515,1658734973,1658740443,41,72,,01:30:00,1:31:10,1.30%,0:09:44,YES :),,NO :(,,,,,,,,
10035,a4717295-2b4c-47f3-b698-9eaed8906894,Mega Man Unlimited,Any%,"{""btfm"":""btfm""}",1658741032,1658743684,1658741079,1658743416,47,268,,00:42:00,0:38:57,-7.26%,0:08:37,YES :),,YES :),,,,,,,,
10036,cb59aed4-fe9a-4c1a-8bcf-72025f0a0a0b,Metroid: Spooky Mission,100%,"{""Xoneris"":""Xoneris""}",1658744227,1658746725,1658744309,1658746446,82,279,,00:40:00,0:35:37,-10.96%,0:09:03,YES :),,YES :),,,,,,,,
10037,70dc08cb-4613-436a-a02b-eadbb90b2101,Metroid Dread,Survival Boss Rush,"{""Samura1man"":""Samura1man""}",1658747241,1658749816,1658747299,1658749036,58,780,,00:40:00,0:28:57,-27.63%,0:08:36,YES :),,YES :),,,,,,,,
10038,12cb02ae-1f80-4827-9afb-031e062c588c,Sonic Mania,Crowd Control,"{""Argick"":""Argick""}",1658750395,1658757814,1658750502,1658757707,107,107,,02:00:00,2:00:05,0.07%,0:09:39,YES :),,NO :(,,,,,,,,
10039,c42b0b87-b6ce-4b9d-865d-9f53a5383e70,Astro Boy: Omega Factor,Birth,"{""Drakodan"":""Drakodan""}",1658759083,1658760821,1658759111,1658760712,28,109,,00:30:00,0:26:41,-11.06%,0:21:09,NO :(,,YES :),,,,,,,,
10040,e23c261b-b470-484a-b40e-f2869a1b058b,Super Mario Land 2: 6 Golden Coins,Glitchless,"{""elecman"":""elecman"",""ninja_SRC"":""ninja_SRC"",""Oh_DeeR"":""Oh_DeeR""}",1658763659,1658766011,1658763700,1658765417,41,594,,00:30:00,0:28:37,-4.61%,0:47:18,NO :(,two different tech issues + Gaël's first shift back,YES :),Donation Incentive,,,,,,,
10041,912555a8-e714-4608-80a4-e194bf4b942b,Chip 'n Dale Rescue Rangers,All Zones,"{""EndySWE"":""EndySWE""}",1658766481,1658767349,1658766518,1658767296,37,53,,00:11:00,0:12:58,17.88%,0:07:50,YES :),,NO :(,Donation Incentive,,,,,,,
10042,6da07858-24e0-43f6-abbe-2c4c5ce1879a,Tom and Jerry,Any%,"{""hirexen"":""hirexen""}",1658767622,1658768448,1658767648,1658768398,26,50,,00:13:00,0:12:30,-3.85%,0:04:33,YES :),,YES :),,,,,,,,
10043,c7f33e7e-8e87-49da-91f8-5490135167ea,Snake Rattle N Roll,Any%,"{""Dxtr"":""Dxtr""}",1658768592,1658769124,1658768641,1658769077,49,47,,00:12:00,0:07:16,-39.44%,0:02:24,YES :),,YES :),,,,,,,,
10044,e2e752df-0b48-41e5-9085-f4a407a7f95b,DuckTales 2,Any%,"{""hirexen"":""hirexen"",""EndySWE"":""EndySWE"",""garadas21"":""garadas21""}",1658769547,1658770197,1658769569,1658770160,22,37,,00:13:00,0:09:51,-24.23%,0:07:03,YES :),,YES :),,,,,,,,
10045,b99a7e06-79a5-4539-98b0-035d02826500,Trojan,Any%,"{""Dxtr"":""Dxtr""}",1658770344,1658770844,1658770378,1658770808,34,36,,00:08:00,0:07:10,-10.42%,0:02:27,YES :),,YES :),,,,,,,,
10046,4b18bfc9-153b-4d7f-a31c-403daa46f84d,Goof Troop,Coop (JP-2),"{""Alko_SDA"":""Alko_SDA"",""Edenal"":""EdenalSDA""}",1658771187,1658772666,1658771251,1658772614,64,52,,00:25:00,0:22:43,-9.13%,0:05:43,YES :),,YES :),,,,,,,,
10047,eaf42716-2dce-40e7-a253-7d71fbe7b6f5,The Legend of Zelda: A Link to the Past,Restricted Major Glitches,"{""Niss3"":""Niss3"",""Joka"":""Jokaah""}",1658773129,1658775338,1658773205,1658775234,76,104,,00:50:00,0:33:49,-32.37%,0:07:43,YES :),,YES :),,,,,,,,
10048,56f8a34e-48c8-4759-bbd8-01e1996d4e83,James Pond 2: Codename: RoboCod,Any%,"{""RoboSparkle"":""Robo_Sparkle""}",1658775823,1658777929,1658775858,1658777850,35,79,,00:30:00,0:33:12,10.67%,0:08:05,YES :),,NO :(,Donation Incentive,,,,,,,
10049,b9aae622-b77e-4395-afe8-c4e1db9ba771,McDonald's Treasure Land Adventure,Beginner (NTSC),"{""Grumpmeister"":""Grumpmeister""}",1658778375,1658779951,1658778477,1658779923,102,28,,00:25:00,0:24:06,-3.60%,0:07:26,YES :),,YES :),,,,,,,,
10050,42f0524e-5c92-44ac-87f3-6d21b058e3ac,Drakengard (Mobile),Dragon GF%,"{""Olson"":""Olson_lol""}",1658780431,1658781166,1658780458,1658781101,27,65,,00:16:00,0:10:43,-33.02%,0:08:00,YES :),,YES :),,,,,,,,
10051,c0062067-37ca-48ac-b109-994b710d364a,Dark SASI,Any%,"{""JeffTheBigLizard"":""JeffTheBigLizard"",""FudgeQT"":""FudgeQT""}",1658781696,1658782335,1658781738,1658782274,42,61,,00:15:00,0:08:56,-40.44%,0:08:50,YES :),,YES :),Donation Incentive,,,,,,,
10052,b850e192-5a7b-4ec6-a063-1cff151bd9d8,Hotline Miami,All Masks,"{""Jackyrite"":""jackyrite""}",1658782909,1658784597,1658782940,1658784449,31,148,,00:30:00,0:25:09,-16.17%,0:09:34,YES :),,YES :),,,,,,,,
10053,71b3cbf8-7623-437b-973e-91c342d0bd21,Batman: Arkham Asylum,Any%,{},1658785666,1658789546,1658785720,1658789428,60,118,,01:08:00,1:01:48,-9.12%,0:17:49,NO :(,,YES :),,,,,,,,
10054,6dfea633-d290-4318-8ffc-a988a6a491f4,Deus Ex,Randomizer (Any%),"{""Heinki"":""Heinki""}",1658790276,1658795810,1658790402,1658795662,126,148,,01:30:00,1:27:40,-2.59%,0:12:10,NO :(,,YES :),,,,,,,,
10055,e85e2890-e65e-4b1c-aeef-79542f8e89e7,Half-Life 2,Any% (No Voidclip),"{""maltemller"":""maltemller""}",1658796359,1658799689,1658796449,1658799557,90,132,,01:00:00,0:51:48,-13.67%,0:09:09,YES :),,YES :),,,,,,,,
10056,d99c9c8b-d70b-4d89-bbbb-e02a19791a6e,Super Smash TV,Any% (Normal),"{""Lucha_Gym"":""Lucha_Gym""}",1658800108,1658803202,1658800145,1658803146,37,56,,00:50:00,0:50:01,0.03%,0:06:59,YES :),,NO :(,,,,,,,,
10057,afd15da2-3c75-43c7-9bff-ecfab257b51b,Mad Panic Coaster,Any%,"{""Joester98"":""Joester98""}",1658803710,1658806245,1658803725,1658806112,15,133,,00:40:00,0:39:47,-0.54%,0:08:28,YES :),,YES :),,,,,,,,
10058,559c807d-21a6-4c26-be9c-4500815e22f4,Alien: Isolation,"All Missions (NMG, Novice)","{""Caraxx"":""Caraxx""}",1658806878,1658817214,1658807014,1658817105,136,109,,02:50:00,2:48:11,-1.07%,0:10:33,NO :(,,YES :),Donation Incentive,,,,,,,
10059,b821b134-fbd8-45ad-b55a-9d097c8efad4,Kirby and the Forgotten Land,Any%,"{""Samura1man"":""Samura1man""}",1658817771,1658824627,1658817815,1658824540,44,87,,01:55:00,1:52:05,-2.54%,0:09:17,YES :),,YES :),,,,,,,,
10060,1f38e7e8-ebe3-4099-995b-7f0ef7272b35,Octopath Traveler,Galdera,"{""enkwolf"":""enkwolf"",""BOWIEtheHERO"":""BOWIEtheHERO"",""SunnymuffinSR"":""SunnymuffinSR"",""quadraaceps"":""quadraaceps"",""yisk"":""yisk"",""Xoneris"":""Xoneris""}",1658825524,1658840381,1658825648,1658840312,124,69,,04:00:00,4:04:24,1.83%,0:14:57,NO :(,LOTS of people,NO :(,,,,,,,,
10061,8a3efc48-01b6-4de7-bc0f-0f1728fc95be,EyeToy: Play 2,Exhibition,"{""ThaRixer"":""ThaRixer""}",1658841422,1658846101,1658841496,1658846055,74,46,,01:15:00,1:15:59,1.31%,0:17:21,NO :(,eyetoy setup was unique,NO :(,Donation Incentive,,,,,,,
10062,f0edfc1b-abcc-4281-8309-60178c7768c8,Smarties: Meltdown,Showcase,"{""ThaRixer"":""tharixer""}",1658846612,1658847475,1658846713,1658847400,101,75,,00:10:00,0:11:27,14.50%,0:08:31,YES :),,NO :(,,,,,,,,
10063,094b825f-8d34-4710-9013-0f559dc920c8,Subnautica: Below Zero,Any%,"{""Leemyy"":""Leemyy""}",1658847841,1658850641,1658847868,1658850571,27,70,,00:40:00,0:45:03,12.63%,0:06:06,YES :),,NO :(,,,,,,,,
10064,e3145393-6487-4355-81fc-02a59091bb6d,The Binding of Isaac: Repentance,Racing+ (Season 2),"{""YuCaesar"":""YuCaesar""}",1658851333,1658855505,1658851381,1658855394,48,111,,01:15:00,1:06:53,-10.82%,0:11:32,NO :(,,YES :),,,,,,,,
10065,94c20e19-0d87-4172-acd3-512745e57c1a,Mario Kart DS,32 Tracks,"{""mkdsabel"":""mkdsabel""}",1658856194,1658859711,1658856237,1658859626,43,85,,01:00:00,0:56:29,-5.86%,0:11:29,NO :(,,YES :),,,,,,,,
10066,8bdad2d1-6b1e-49f8-9887-0ab8323c4d48,Euro Truck Simulator 2,"All Capitals ($25%, No DLC, no Paris)","{""Shigan_"":""Shigan_""}",1658860270,1658868274,1658860582,1658868056,312,218,,02:00:00,2:04:34,3.81%,0:09:19,YES :),,NO :(,,,,,,,,
10067,dd8dc782-e9ea-4c01-ad97-26a99692a55f,Mirror's Edge,Any% (Relay Race),{},1658869623,1658872990,1658870040,1658872906,417,84,,00:45:00,0:47:46,6.15%,0:22:29,NO :(,Very long introduction,NO :(,,,,,,,,
10068,ecf389e3-9cae-4987-bc0a-294942594ac5,DOOM (2016),Any% (Classic),"{""heny"":""henyK""}",1658873908,1658876495,1658874013,1658876422,105,73,,00:30:00,0:40:09,33.83%,0:15:18,NO :(,HEK,NO :(,heny is banned from running DOOM,,,,,,,
10069,a79aec52-7e41-4dcc-a522-1332ef1a851f,BattleBlock Theater,Super Hatty 64,"{""Shafournee"":""Shafournee"",""Sajiki"":""Sajiki""}",1658877229,1658878670,1658877303,1658878561,74,109,,00:25:00,0:20:58,-16.13%,0:12:14,NO :(,HEK,YES :),,,,,,,,
10070,a3eb47eb-f5be-49ad-b555-f48fc8de76fa,Quake,"Randomized (Easy, Coop)","{""brainfluid"":""brainfluid"",""praskOo_"":""praskOo_"",""EddWardG"":""EddWardG"",""Elgu"":""Elgu""}",1658879598,1658880995,1658879774,1658880911,176,84,,00:20:00,0:18:57,-5.25%,0:15:28,NO :(,HEK,YES :),,,,,,,,
10071,2aa608c3-7913-4239-857d-d9189e542512,Obama,All Bosses,"{""Jackyrite"":""jackyrite"",""Kainalo"":""Kainalo"",""Shafournee"":""Shafournee"",""hekigan"":""hekigan"",""Meteos_Probably"":""Meteos_Probably""}",1658881898,1658883996,1658882062,1658883835,164,161,,00:25:00,0:29:33,18.20%,0:15:03,NO :(,HEK,NO :(,,,,,,,,
10072,64c40566-e01f-4eb7-81f7-83ec6463597e,Silent Hill 4,"Any% (Easy, Steering Wheel)","{""Nikoheart"":""Nikoheart""}",1658884675,1658890252,1658884913,1658890092,238,160,,01:20:00,1:26:19,7.90%,0:11:19,NO :(,,NO :(,,,,,,,,
10073,88a2bd68-eb60-43a7-8ec7-f1eaf36fb36f,NieR Replicant ver.1.22474487139...,(B) NG+,"{""Olson"":""Olson_lol""}",1658891281,1658895951,1658891325,1658895870,44,81,,01:25:00,1:15:45,-10.88%,0:17:09,NO :(,,YES :),,,,,,,,
10074,d496a92c-e7c3-43fb-88f1-b9945ff930a4,Pokémon XD: Gale of Darkness,Any%,"{""Evanicia"":""Evanicia""}",1658897151,1658914215,1658897174,1658914065,23,150,,04:50:00,4:41:31,-2.93%,0:20:00,NO :(,,YES :),,,,,,,,
10075,c36e2faf-5bda-4e8d-a537-ca4a3f21fb12,Illusion of Gaia,Any% (no Wrong Warp),"{""BOWIEtheHERO"":""BOWIEtheHERO""}",1658914862,1658922712,1658914911,1658922566,49,146,,02:05:00,2:07:35,2.07%,0:10:47,NO :(,,NO :(,Donation Incentive,,,,,,,
10076,d1297c38-e974-44cd-996b-cdf3feaac294,Golden Sun,Any% NG+ Demonstration,"{""definitelynotFX"":""definitelynotFX""}",1658923119,1658923643,1658923432,1658923473,313,170,,00:15:00,0:00:41,-95.44%,0:06:47,YES :),,YES :),"Run was very short, but demonstration takes time",,,,,,,
10077,0561a806-4851-4ccb-905b-cf1732f2e1fc,Final Fantasy VIII,Any% (Partial Cutscene Skips),"{""Olson"":""Olson_lol"",""awesomeWaves"":""awesomeWaves"",""bodcap"":""bodcap""}",1658924820,1658947085,1658924846,1658947001,26,84,,07:00:00,6:09:15,-12.08%,0:19:37,NO :(,,YES :),,,,,,,,
10078,6e9a6955-5756-4cc4-aa70-9e1f3ac66517,Mega Man 8,Crowd Control,"{""TheBlacktastic"":""TheBlacktastic""}",1658948124,1658955192,1658948187,1658954992,63,200,,01:45:00,1:53:25,8.02%,0:17:19,NO :(,Crowd Control,NO :(,Crowd Control,,,,,,,
10079,e6d9287e-0416-48c7-8ab6-7041519d7abd,Ratchet & Clank: Into The Nexus,NG+,"{""Xem92"":""Xem92""}",1658955785,1658957424,1658955850,1658957264,65,160,,00:25:00,0:23:34,-5.73%,0:09:53,YES :),,YES :),,,,,,,,
10080,0975f9ba-545e-4367-9d6d-7fea5c4354bf,Hitman: Blood Money,Silent Assassin,"{""TheKotti"":""TheKotti""}",1658957963,1658960555,1658958016,1658960420,53,135,,00:47:00,0:40:04,-14.75%,0:08:59,YES :),,YES :),,,,,,,,
10081,fccc1ece-1159-4fb9-a0fa-90ef0345855f,Titanfall 2,Any%,"{""zweek"":""zweek""}",1658961416,1658966751,1658961489,1658966533,73,218,,01:32:00,1:24:04,-8.62%,0:14:21,NO :(,,YES :),,,,,,,,
10082,9f23cb72-a4e1-4cb5-81ec-c1da4a8665a2,GhostWire: Tokyo,Any%,"{""nicowithac"":""nicowithac""}",1658967281,1658971869,1658967321,1658971760,40,109,,01:25:00,1:13:59,-12.96%,0:08:50,YES :),,YES :),,,,,,,,
10083,eebcafa3-2a0d-4ee2-9fd9-7bbc0a3b52ad,Mafia,Any%,"{""vojtas131"":""vojtas131""}",1658972420,1658983017,1658972451,1658982936,31,81,,02:55:00,2:54:45,-0.14%,0:09:11,YES :),,YES :),,,,,,,,
10084,ff0967ec-2a8b-48c6-a482-8f762e047019,Fable: The Lost Chapters,100%,"{""Etem"":""Etem""}",1658983431,1658994408,1658983472,1658994323,41,85,,03:10:00,3:00:51,-4.82%,0:06:54,YES :),,YES :),,,,,,,,
10085,4cd67049-9869-43df-95b8-903a250e9db3,Shadow of the Tomb Raider,Any%,"{""Cadarev"":""Cadarev""}",1658995130,1659000110,1658995141,1658999949,11,161,,01:25:00,1:20:08,-5.73%,0:12:02,NO :(,,YES :),,,,,,,,
10086,fe7d5061-e251-4190-a84c-97bd2016f7a3,Grand Theft Auto V,Any% (Classic),"{""hossel_"":""hossel_""}",1659001799,1659024473,1659001848,1659024372,49,101,,06:05:00,6:15:24,2.85%,0:28:09,NO :(,,NO :(,Donation Incentive,,,,,,,
10087,a65e8441-0042-4c4d-bc36-c3679def6a64,The Legend of Zelda: Breath of the Wild,Crowd Control (Bingo),"{""kelpsey"":""kelpsey""}",1659025354,1659034494,1659025387,1659034403,33,91,,02:30:00,2:30:16,0.18%,0:14:41,NO :(,Crowd Control,NO :(,,,,,,,,
10088,4a6eeaa4-f83d-494e-b773-46e10516b31b,Yooka-Laylee,Any% (w/ Flight),"{""hedweg"":""hedweg""}",1659035293,1659037331,1659035351,1659037249,58,82,,00:30:00,0:31:38,5.44%,0:13:19,NO :(,,NO :(,Crowd Control,,,,,,,
10089,68cef5cf-109c-4463-972f-8c77c239ba5e,Disney/Pixar A Bug's Life,Any%,"{""GreenSnowDog"":""GreenSnowDog"",""tmhtf_senpai"":""tmhtf_senpai""}",1659037851,1659039525,1659037911,1659039416,60,109,,00:29:00,0:25:05,-13.51%,0:08:40,YES :),,YES :),,,,,,,,
10090,e5dc96fc-9925-4ae5-b953-0fa3bece47fb,Turbo Force,1cc Attempt,"{""EeroKurkisuo"":""EeroKurkisuo""}",1659040012,1659041318,1659040046,1659041223,34,95,,00:25:00,0:19:37,-21.53%,0:08:07,YES :),,YES :),,,,,,,,
10091,fe02eed2-2175-44fc-8261-02d7dc38336c,Trackmania,RPG Maps Showcase,"{""Rastats"":""Rastats""}",1659041779,1659044506,1659041878,1659044361,99,145,,00:40:00,0:41:23,3.46%,0:07:41,YES :),,NO :(,,,,,,,,
10092,feb27685-0d4b-47e6-8f2c-805e542465cd,Distance,Adventure (Campaign+) & Lost to Echoes (Default),"{""Brionac95"":""Brionac95""}",1659045029,1659048179,1659045101,1659048073,72,106,,00:50:00,0:49:32,-0.93%,0:08:43,YES :),,YES :),,,,,,,,
10093,89e02f46-773d-4ab7-af36-cf7d46cd719d,Dishonored,All Achievements (Base Game),"{""lurven_"":""lurven_""}",1659048890,1659053498,1659048942,1659053366,52,132,,01:20:00,1:13:44,-7.83%,0:11:51,NO :(,Took a while to set his keybinds -_-,YES :),,,,,,,,
10094,71ce1cf7-cfbc-4fdc-bcf4-5966e834c390,Dishonored,"DLC (Bid War, No Powers)","{""Som1Lse"":""Som1Lse"",""lurven_"":""lurven_""}",1659053783,1659054658,1659053859,1659054568,76,90,,00:15:00,0:11:49,-21.22%,0:04:45,YES :),,YES :),,,,,,,,
10095,fa63cdde-5c0b-47d9-a6e8-83e80d48695f,Dark Souls,Any%,"{""catalystz"":""catalystz""}",1659055344,1659057720,1659055445,1659057663,101,57,,00:30:00,0:36:58,23.22%,0:11:26,NO :(,,NO :(,what the hell happened,(he fucked up a trick for like 10 minutes straight),,,,,,
10096,e4a114b6-641d-4b31-b485-1157efa84ec5,Dark Messiah of Might & Magic,Any%,"{""Fnzzy"":""Fnzzy""}",1659058258,1659059868,1659058303,1659059833,45,35,,00:25:00,0:25:30,2.00%,0:08:58,YES :),,NO :(,,,,,,,,
10097,bf859be5-cfda-40f5-8ceb-f39e5d474179,Quake,Easy Run,{},1659060343,1659061397,1659060380,1659061318,37,79,,00:20:00,0:15:38,-21.83%,0:07:55,YES :),,YES :),,,,,,,,
10098,f043b7f6-bb83-4b81-9839-dc7cbffa4101,Duke Nukem 3D,Any%,"{""dauswectus"":""dauswectus""}",1659061825,1659062541,1659061871,1659062423,46,118,,00:10:00,0:09:12,-8.00%,0:07:08,YES :),,YES :),,,,,,,,
10099,d1f53b76-e10a-45c1-8eb7-cccb7b2b6fc3,Crash: Mind Over Mutant,Any%,"{""PeteThePlayer"":""MrNojojojo"",""CDRomatron"":""CDRomatron""}",1659062961,1659065446,1659063032,1659065320,71,126,,00:40:00,0:38:08,-4.67%,0:07:00,YES :),,YES :),Donation Incentive,,,,,,,
10100,d0c538dd-dfd4-43be-bc27-6b284c32203b,Mary-Kate & Ashley: Sweet 16 - Licensed To Drive,Any%,"{""PeteThePlayer"":""MrNojojojo""}",1659065774,1659067120,1659065824,1659067028,50,92,,00:25:00,0:20:04,-19.73%,0:05:28,YES :),,YES :),,,,,,,,
10101,b5c048af-bff3-4ed1-b4ab-aafc1b2aa7d2,Batman: Arkham Knight,Main Story,"{""oneeyeddeacon"":""oneeyeddeacon""}",1659067530,1659076536,1659067636,1659076438,106,98,,02:40:00,2:26:42,-8.31%,0:06:50,YES :),,YES :),,,,,,,,
10102,a1babc75-ade6-4cba-bad0-574ff93dc382,Inspector Gadget: MAD Robots Invasion,Any%,"{""RebelDragon95"":""RebelDragon95""}",1659077072,1659080241,1659077088,1659080105,16,136,,01:00:00,0:50:17,-16.19%,0:08:56,YES :),,YES :),,,,,,,,
10103,46ac4d87-a3bb-4307-9825-c59a0da68114,Robo Vacuum Simulator,All Levels,"{""Kainalo"":""Kainalo""}",1659081444,1659087121,1659081452,1659087035,8,86,,01:30:00,1:33:03,3.39%,0:20:03,NO :(,,NO :(,Donation Incentive,,,,,,,
10104,6bb87775-a8c4-4519-85ac-6deea8dd4746,TUNIC,Any%,"{""SunnymuffinSR"":""SunnymuffinSR""}",1659087753,1659089466,1659087770,1659089369,17,97,,00:35:00,0:26:39,-23.86%,0:10:32,NO :(,,YES :),,,,,,,,
10105,022460f1-e809-4813-a993-3ce206c68b54,Chicken ~Boiled Egg~,Any%,"{""Jazzy"":""Jazzy""}",1659089913,1659090482,1659089930,1659090382,17,100,,00:15:00,0:07:32,-49.78%,0:07:27,YES :),,YES :),,,,,,,,
10106,63818b6f-e5aa-43d1-930b-1d6ab808f6a7,Road Trip,Any%,"{""CDRomatron"":""CDRomatron""}",1659091048,1659092576,1659091061,1659092505,13,71,,00:35:00,0:24:04,-31.24%,0:09:26,YES :),,YES :),,,,,,,,
10107,35e345aa-820c-4c8f-a24d-28409f2b2bb4,BCV: Battle Construction Vehicles,Any% (Major Cutscenes),"{""YorkieDesu"":""YorkieDesu""}",1659093367,1659096547,1659093521,1659096408,154,139,,00:50:00,0:48:07,-3.77%,0:13:11,NO :(,,YES :),,,,,,,,
10108,551baba6-d155-458a-a663-463fc69a8d00,Casper Scare School,Any%,"{""TaintedTali"":""TaintedTali""}",1659097099,1659098094,1659097154,1659097945,55,149,,00:17:00,0:13:11,-22.45%,0:09:12,YES :),,YES :),,,,,,,,
10109,094f9f3b-7d69-48a2-8748-aeb9d40c3c6e,Awful Relay,Relay,"{""havrd"":""havrd""}",1659099149,1659102786,1659099212,1659102734,63,52,,01:00:00,0:58:42,-2.17%,0:17:35,NO :(,Awful Relay,YES :),,,,,,,,
10110,7db932b1-8d4d-41d3-bdef-2efa7dd26022,Pode,Any%,"{""RandomPinkBunny"":""RandomPinkBunny"",""SeductiveSpatula"":""SeductiveSpatula""}",1659103249,1659104212,1659103261,1659104158,12,54,,00:15:00,0:14:57,-0.33%,0:07:43,YES :),,YES :),,,,,,,,
10111,1fb457f4-7e84-481e-869e-58fad84bd315,Hyper Light Drifter,"Any% (NG, Unrestricted)","{""Gidano"":""Gidano""}",1659104663,1659106785,1659104693,1659106762,30,23,,00:35:00,0:34:29,-1.48%,0:07:31,YES :),,YES :),,,,,,,,
10112,10b8aa51-ce7e-4a32-897c-741da228680c,Pokémon Legends: Arceus,Any%,"{""crisisaurus"":""crisisaurus""}",1659107235,1659122259,1659107269,1659121994,34,265,,04:20:00,4:05:25,-5.61%,0:07:30,YES :),,YES :),Donation Incentive,,,,,,,
10113,aacd0588-755d-4036-91f1-7235904bfc9f,Super Mario 64,Crowd Control (70 Star),"{""cheese"":""cheese""}",1659123064,1659132625,1659123114,1659132442,50,183,,02:30:00,2:35:28,3.64%,0:13:25,NO :(,,NO :(,,,,,,,,
10114,92520fbf-4608-4b1c-af53-e6054a621a7c,Phantom Abyss,Shrineless: Base Whip,"{""Whitefire"":""Whitefire""}",1659133091,1659134156,1659133116,1659134105,25,51,,00:17:00,0:16:29,-3.04%,0:07:46,YES :),,YES :),,,,,,,,
10115,9bf05a94-8c39-464a-a1d4-3422813ff468,Halo: Combat Evolved,Legendary (Full Game),"{""xTunguzka"":""xTunguzka""}",1659135058,1659140054,1659135126,1659139977,68,77,,01:30:00,1:20:51,-10.17%,0:15:02,NO :(,,YES :),,,,,,,,
10116,122a0f4d-648f-4751-9686-0e5834c4d674,Tom Clancy's Splinter Cell: Chaos Theory,Any%,"{""DistroTV"":""DistroTV""}",1659140936,1659143994,1659141010,1659143902,74,92,,00:55:00,0:48:12,-12.36%,0:14:42,NO :(,,YES :),,,,,,,,
10117,83182a02-47a1-412f-a45b-d988f7a47916,Sly 3: Honor Among Thieves,All Master Thief Challenges,"{""Slysonic"":""Slysonic""}",1659144881,1659149185,1659144927,1659149015,46,170,,01:15:00,1:08:08,-9.16%,0:14:47,NO :(,,YES :),,,,,,,,
10118,b0f6c5d9-89c9-41ef-8a1a-aa0fce0383a9,Lithium City,Any%,"{""AEtienne"":""AEtienne""}",1659149829,1659152053,1659149901,1659151906,72,147,,00:45:00,0:33:25,-25.74%,0:10:44,NO :(,,YES :),,,,,,,,
10119,21b244cd-53e0-4aa5-8f6f-bf33619aaf53,Disney-Pixar Brave,Any%,"{""MoD366"":""MoD366""}",1659152990,1659158306,1659153081,1659158227,91,79,,01:30:00,1:25:46,-4.70%,0:15:37,NO :(,,YES :),,,,,,,,
10120,1f972d6a-cb6f-41ee-b446-b30bb4b01426,The Legend of Zelda: Majora's Mask,100% (No Source Requirement),"{""G3neziz"":""G3neziz""}",1659159511,1659166059,1659159552,1659165841,41,218,,02:05:00,1:44:49,-16.15%,0:20:05,NO :(,,YES :),Donation Incentive,,,,,,,
10121,da2bfca8-56ee-4caf-987a-b9beaf995d8f,Timesplitters: Future Perfect,Cat Driving Challenge,"{""G3neziz"":""G3neziz""}",1659166329,1659166847,1659166372,1659166742,43,105,,00:10:00,0:06:10,-38.33%,0:04:30,YES :),,YES :),,,,,,,,
10122,ab5d72c4-9c6c-4b48-a3c7-ab02b1908b7d,Crash Team Racing,Any% (NMG),"{""Lornoveo"":""Lornoveo""}",1659167762,1659171427,1659167949,1659171301,187,126,,01:00:00,0:55:52,-6.89%,0:15:15,NO :(,,YES :),,,,,,,,
10123,8c0c985c-b2a0-44c7-a009-70f14ae31b44,Half-Life,Any% (Scriptless),"{""KaNangaTV"":""KaNangaTV""}",1659172022,1659174002,1659172090,1659173895,68,107,,00:30:00,0:30:05,0.28%,0:09:55,YES :),,NO :(,,,,,,,,
10124,14364ed3-a153-48f9-bd16-f251b43f6f20,Goosebumps: Dead of Night,Any%,"{""Nikoheart"":""Nikoheart""}",1659174586,1659175725,1659174695,1659175574,109,151,,00:15:00,0:14:39,-2.33%,0:09:44,YES :),,YES :),,,,,,,,
10125,d919b67d-0ec6-4c58-90ff-b908e26ed9a0,Disney/Pixar A Bug's Life,Rematch%,"{""GreenSnowDog"":""GreenSnowDog"",""tmhtf_senpai"":""tmhtf_senpai""}",1659176321,1659178203,1659176388,1659178086,67,117,,00:29:00,0:28:18,-2.41%,0:09:56,YES :),,YES :),,,,,,,,
10126,904e845a-b968-4c94-85e8-b4afa1e52039,OoT ACE Showcase,Triforce%,{},1659179167,1659182730,1659179271,1659182680,104,50,,01:00:00,0:56:49,-5.31%,0:16:04,NO :(,,YES :),,,,,,,,
10127,f7bb86e2-13e7-4142-b371-f3033e311d47,Clone Hero,Rhythm Game Showcase,"{""Jarvis9999"":""Jarvis9999""}",1659183438,1659186073,1659183472,1659185911,34,162,,00:40:00,0:40:39,1.63%,0:11:48,NO :(,Unique arcade setup,NO :(,Donation Incentive,,,,,,,
10128,3e18a7f2-0113-4d28-9127-7da703d4c5f9,Stepmania,Rhythm Game Showcase,"{""Opartyjesper"":""Opartyjesper"",""urza"":""urzagaming""}",1659187183,1659189960,1659187231,1659189820,48,140,,00:40:00,0:43:09,7.88%,0:18:30,NO :(,very unique arcade setup,NO :(,Donation Incentive,,,,,,,
10129,3e07f1fd-adc8-4a14-8fe8-ebff6c12dcd9,Super Mario 64,120 Star (Relay Race),"{""Apeduden"":""Apeduden"",""cheese"":""cheese"",""Heyzeus18"":""Heyzeus18"",""Smau64_"":""Smau64_"",""Xein64"":""Xein64"",""BernhardSR"":""BernhardSR"",""Dwhatever"":""Dwhatever"",""Gainai27"":""Gainai27"",""DrogieSR"":""DrogieSR"",""Benji64"":""Benji64""}",1659190617,1659197483,1659190717,1659197339,100,144,,02:00:00,1:50:22,-8.03%,0:10:57,NO :(,,YES :),,,,,,,,
10130,f129012f-12dd-4b66-9a34-d77e943878ff,Ratchet & Clank,All Gold Bolts,"{""SNEEPYY"":""SNEEPYY"",""Xem92"":""Xem92""}",1659198654,1659202060,1659198765,1659201822,111,238,,01:00:00,0:50:57,-15.08%,0:19:31,NO :(,,YES :),,,,,,,,
10131,3f7491e3-050a-49ac-b2c5-5575508508bd,Jak 3,Any% (No OoB),"{""ThaRixer"":""ThaRixer"",""HillaryPuff"":""HillaryPuff""}",1659203130,1659205957,1659203200,1659205741,70,216,,00:50:00,0:42:21,-15.30%,0:17:50,NO :(,playstation 3 HDCP nonsense,YES :),,,,,,,,
10132,ad5b607f-0223-4e6c-ad6a-7cbfdbdf334b,Super Mario Odyssey,Any% (2P),"{""Dansta2106"":""Dansta2106"",""TiloTech"":""TiloTech""}",1659206802,1659210777,1659206866,1659210607,64,170,,01:02:00,1:02:21,0.56%,0:14:05,NO :(,,NO :(,Donation Incentive,,,,,,,
10133,e8de67b0-901e-4301-a6de-532ba472f94a,Cuphead DLC,Crowd Control,"{""TheMexicanRunner"":""TheMexicanRunner""}",1659211628,1659220697,1659211663,1659220593,35,104,,02:30:00,2:28:50,-0.78%,0:14:11,NO :(,Crowd Control,YES :),,,,,,,,
10134,f48d2bb9-ac5c-4125-aa6b-e25c6bbdb561,Closing Speech,Speech%,{},1659221007,1659223153,1659221019,1659221021,12,2132,,00:15:00,0:00:02,-99.78%,0:05:10,YES :),,YES :),,,,,,,,